"index_id","function_name","tier","source_url","source_category","empirical_artifact_refs","empirical_ref_count","unresolved_count"
"FEI-001","ADDRESS","3","https://support.microsoft.com/en-us/office/address-function-d0c26c0d-3991-446b-8de4-ab46431d4f89","Lookup and reference functions","","0","0"
"FEI-002","AREAS","3","https://support.microsoft.com/en-us/office/areas-function-8392ba32-7a41-43b3-96b0-3695d2ec6152","Lookup and reference functions","","0","0"
"FEI-003","COLUMN","3","https://support.microsoft.com/en-us/office/column-function-44e8c754-711c-4df3-9da4-47a55042554b","Lookup and reference functions","","0","0"
"FEI-004","COLUMNS","3","https://support.microsoft.com/en-us/office/columns-function-4e8e7b4e-e603-43e8-b177-956088fa48ca","Lookup and reference functions","","0","0"
"FEI-005","DOLLAR","3","https://support.microsoft.com/en-us/office/dollar-function-a6cd05d9-9740-4ad3-a469-8109d18ff611","Text functions","","0","0"
"FEI-006","FIXED","3","https://support.microsoft.com/en-us/office/fixed-function-ffd5723c-324c-45e9-8b96-e41be2a8274a","Text functions","","0","0"
"FEI-007","FORMULATEXT","3","https://support.microsoft.com/en-us/office/formulatext-function-0a786771-54fd-4ae2-96ee-09cda35439c8","Lookup and reference functions","","0","0"
"FEI-008","INDEX","3","https://support.microsoft.com/en-us/office/index-function-a5dcf0dd-996d-40a4-a822-b56b061328bd","Lookup and reference functions","","0","0"
"FEI-009","N","3","https://support.microsoft.com/en-us/office/n-function-a624cad1-3635-4208-b54a-29733d1278c9","Information functions","","0","0"
"FEI-010","NOW","3","https://support.microsoft.com/en-us/office/now-function-3337fd29-145a-4347-b2e6-20c904739c46","Date and time functions","","0","0"
"FEI-011","RAND","3","https://support.microsoft.com/en-us/office/rand-function-4cbfa695-8869-4788-8d90-021ea9f5be73","Math and trigonometry functions","","0","0"
"FEI-012","RANDBETWEEN","3","https://support.microsoft.com/en-us/office/randbetween-function-4cc7f0d1-87dc-4eb7-987f-a469ab381685","Math and trigonometry functions","","0","0"
"FEI-013","ROW","3","https://support.microsoft.com/en-us/office/row-function-3a63b74a-c4d0-4093-b49a-e76eb49a6d8d","Lookup and reference functions","","0","0"
"FEI-014","ROWS","3","https://support.microsoft.com/en-us/office/rows-function-b592593e-3fc2-47f2-bec1-bda493811597","Lookup and reference functions","","0","0"
"FEI-015","SHEET","3","https://support.microsoft.com/en-us/office/sheet-function-44718b6f-8b87-47a1-a9d6-b701c06cff24","Information functions","","0","0"
"FEI-016","SHEETS","3","https://support.microsoft.com/en-us/office/sheets-function-770515eb-e1e8-45ce-8066-b557e5e4b80b","Information functions","","0","0"
"FEI-017","SUMIF","3","https://support.microsoft.com/en-us/office/sumif-function-169b8c99-c05c-4483-a712-1697a653039b","Math and trigonometry functions","","0","0"
"FEI-018","T","3","https://support.microsoft.com/en-us/office/t-function-fb83aeec-45e7-4924-af95-53e073541228","Text functions","","0","0"
"FEI-019","TEXT","3","https://support.microsoft.com/en-us/office/text-function-20d5ac4d-7b94-49fd-bb38-93d29371225c","Text functions","","0","0"
"FEI-020","TODAY","3","https://support.microsoft.com/en-us/office/today-function-5eb3078d-a82c-4736-8930-2f51a028fdd9","Date and time functions","","0","0"
"FEI-021","TYPE","3","https://support.microsoft.com/en-us/office/type-function-45b4e688-4bc3-48b3-a105-ffa892995899","Information functions","","0","0"
"FEI-022","VALUE","3","https://support.microsoft.com/en-us/office/value-function-257d0108-07dc-437d-ae1c-bc2d3953d8c2","Text functions","","0","0"
"FEI-023","VALUETOTEXT","3","https://support.microsoft.com/en-us/office/valuetotext-function-5fff61a2-301a-4ab2-9ffa-0a5242a08fea","Text functions","","0","0"
"FEI-024","BYCOL","4","https://support.microsoft.com/en-us/office/bycol-function-58463999-7de5-49ce-8f38-b7f7a2192bfb","Logical functions","","0","0"
"FEI-025","BYROW","4","https://support.microsoft.com/en-us/office/byrow-function-2e04c677-78c8-4e6b-8c10-a4602f2602bb","Logical functions","outputs\tier45_wave1\ECS-EB-019_lambda_helper_edge_probe_wave1.csv","1","1"
"FEI-026","CHOOSECOLS","4","https://support.microsoft.com/en-us/office/choosecols-function-bf117976-2722-4466-9b9a-1c01ed9aebff","Lookup and reference functions","","0","0"
"FEI-027","CHOOSEROWS","4","https://support.microsoft.com/en-us/office/chooserows-function-51ace882-9bab-4a44-9625-7274ef7507a3","Lookup and reference functions","","0","0"
"FEI-028","CUBEKPIMEMBER","4","https://support.microsoft.com/en-us/office/cubekpimember-function-744608bf-2c62-42cd-b67a-a56109f4b03b","Cubes","","0","0"
"FEI-029","CUBEMEMBER","4","https://support.microsoft.com/en-us/office/cubemember-function-0f6a15b9-2c18-4819-ae89-e1b5c8b398ad","Cubes","","0","0"
"FEI-030","CUBEMEMBERPROPERTY","4","https://support.microsoft.com/en-us/office/cubememberproperty-function-001e57d6-b35a-49e5-abcd-05ff599e8951","Cubes","","0","0"
"FEI-031","CUBERANKEDMEMBER","4","https://support.microsoft.com/en-us/office/cuberankedmember-function-07efecde-e669-4075-b4bf-6b40df2dc4b3","Cubes","","0","0"
"FEI-032","CUBESET","4","https://support.microsoft.com/en-us/office/cubeset-function-5b2146bd-62d6-4d04-9d8f-670e993ee1d9","Cubes","","0","0"
"FEI-033","CUBESETCOUNT","4","https://support.microsoft.com/en-us/office/cubesetcount-function-c4c2a438-c1ff-4061-80fe-982f2d705286","Cubes","","0","0"
"FEI-034","CUBEVALUE","4","https://support.microsoft.com/en-us/office/cubevalue-function-8733da24-26d1-4e34-9b3a-84a8f00dcbe0","Cubes","","0","0"
"FEI-035","DROP","4","https://support.microsoft.com/en-us/office/drop-function-1cb4e151-9e17-4838-abe5-9ba48d8c6a34","Lookup and reference functions","","0","0"
"FEI-036","ENCODEURL","4","https://support.microsoft.com/en-us/office/encodeurl-function-07c7fb90-7c60-4bff-8687-fac50fe33d0e","Web functions","","0","0"
"FEI-037","EXPAND","4","https://support.microsoft.com/en-us/office/expand-function-7433fba5-4ad1-41da-a904-d5d95808bc38","Lookup and reference functions","","0","0"
"FEI-038","FILTER","4","https://support.microsoft.com/en-us/office/filter-function-f4f7cb66-82eb-4767-8f7c-4877ad80c759","Our 10 featured functions","outputs\tier45_wave1\ECS-EB-018_dynamic_array_mixed_type_probe_wave1.csv","1","1"
"FEI-039","FILTERXML","4","https://support.microsoft.com/en-us/office/filterxml-function-4df72efc-11ec-4951-86f5-c1374812f5b7","Web functions","","0","0"
"FEI-040","GROUPBY","4","https://support.microsoft.com/en-us/office/groupby-function-5e08ae8c-6800-4b72-b623-c41773611505","Lookup and reference functions","","0","0"
"FEI-041","HSTACK","4","https://support.microsoft.com/en-us/office/hstack-function-98c4ab76-10fe-4b4f-8d5f-af1c125fe8c2","Lookup and reference functions","","0","0"
"FEI-042","ISOMITTED","4","https://support.microsoft.com/en-us/office/isomitted-function-831d6fbc-0f07-40c4-9c5b-9c73fd1d60c1","Information functions","","0","0"
"FEI-043","LAMBDA","4","https://support.microsoft.com/en-us/office/lambda-function-bd212d27-1cd1-4321-a34a-ccbf254b8b67","Logical functions","","0","0"
"FEI-044","LET","4","https://support.microsoft.com/en-us/office/let-function-34842dd8-b92b-4d3f-b325-b8b8f9908999","Our 10 featured functions","","0","0"
"FEI-045","MAKEARRAY","4","https://support.microsoft.com/en-us/office/makearray-function-b80da5ad-b338-4149-a523-5b221da09097","Logical functions","","0","0"
"FEI-046","MAP","4","https://support.microsoft.com/en-us/office/map-function-48006093-f97c-47c1-bfcc-749263bb1f01","Logical functions","outputs\tier45_wave1\ECS-EB-019_lambda_helper_edge_probe_wave1.csv","1","1"
"FEI-047","PIVOTBY","4","https://support.microsoft.com/en-us/office/pivotby-function-de86516a-90ad-4ced-8522-3a25fac389cf","Lookup and reference functions","","0","0"
"FEI-048","RANDARRAY","4","https://support.microsoft.com/en-us/office/randarray-function-21261e55-3bec-4885-86a6-8b0a47fd4d33","Math and trigonometry functions","","0","0"
"FEI-049","REDUCE","4","https://support.microsoft.com/en-us/office/reduce-function-42e39910-b345-45f3-84b8-0642b568b7cb","Logical functions","","0","0"
"FEI-050","SCAN","4","https://support.microsoft.com/en-us/office/scan-function-d58dfd11-9969-4439-b2dc-e7062724de29","Logical functions","","0","0"
"FEI-051","SEQUENCE","4","https://support.microsoft.com/en-us/office/sequence-function-57467a98-57e0-4817-9f14-2eb78519ca90","Math and trigonometry functions","","0","0"
"FEI-052","SORT","4","https://support.microsoft.com/en-us/office/sort-function-22f63bd0-ccc8-492f-953d-c20e8e44b86c","Lookup and reference functions","","0","0"
"FEI-053","SORTBY","4","https://support.microsoft.com/en-us/office/sortby-function-cd2d7a62-1b93-435c-b561-d6a35134f28f","Lookup and reference functions","","0","0"
"FEI-054","STOCKHISTORY","4","https://support.microsoft.com/en-us/office/stockhistory-function-1ac8b5b3-5f62-4d94-8ab8-7504ec7239a8","Information functions","","0","0"
"FEI-055","TAKE","4","https://support.microsoft.com/en-us/office/take-function-25382ff1-5da1-4f78-ab43-f33bd2e4e003","Lookup and reference functions","","0","0"
"FEI-056","TOCOL","4","https://support.microsoft.com/en-us/office/tocol-function-22839d9b-0b55-4fc1-b4e6-2761f8f122ed","Lookup and reference functions","","0","0"
"FEI-057","TOROW","4","https://support.microsoft.com/en-us/office/torow-function-b90d0964-a7d9-44b7-816b-ffa5c2fe2289","Lookup and reference functions","","0","0"
"FEI-058","TRANSPOSE","4","https://support.microsoft.com/en-us/office/transpose-function-ed039415-ed8a-4a81-93e9-4b6dfac76027","Lookup and reference functions","","0","0"
"FEI-059","TRIMRANGE","4","https://support.microsoft.com/en-us/office/trimrange-function-d7812248-3bc5-4c6b-901c-1afa9564f999","Lookup and reference functions","","0","0"
"FEI-060","UNIQUE","4","https://support.microsoft.com/en-us/office/unique-function-c5ab87fd-30a3-4ce9-9d1a-40204fb85e1e","Our 10 featured functions","outputs\tier45_wave1\ECS-EB-018_dynamic_array_mixed_type_probe_wave1.csv","1","1"
"FEI-061","VSTACK","4","https://support.microsoft.com/en-us/office/vstack-function-a4b86897-be0f-48fc-adca-fcc10d795a9c","Lookup and reference functions","","0","0"
"FEI-062","WEBSERVICE","4","https://support.microsoft.com/en-us/office/webservice-function-0546a35a-ecc6-4739-aed7-c0b7ce1562c4","Web functions","outputs\tier45_wave1\ECS-EB-021_external_data_replay_probe_wave1.csv","1","1"
"FEI-063","WRAPCOLS","4","https://support.microsoft.com/en-us/office/wrapcols-function-d038b05a-57b7-4ee0-be94-ded0792511e2","Lookup and reference functions","","0","0"
"FEI-064","WRAPROWS","4","https://support.microsoft.com/en-us/office/wraprows-function-796825f3-975a-4cee-9c84-1bbddf60ade0","Lookup and reference functions","","0","0"
"FEI-065","XLOOKUP","4","https://support.microsoft.com/en-us/office/xlookup-function-b7fd680e-6d10-43e6-84f9-88eae8bf5929","Our 10 featured functions","","0","0"
"FEI-066","XMATCH","4","https://support.microsoft.com/en-us/office/xmatch-function-d966da31-7a6b-4a13-a1c6-5a33ed6a0312","Lookup and reference functions","","0","0"
