step,status,notes
scope_revision,completed,Revised run scope to exclude DnaVisiCalc by user direction.
repo_audit_oxcalc,completed,Doctrine docs code artifacts and fresh commands reviewed; explorer corroboration incorporated.
repo_audit_oxfml,completed,Doctrine docs code fixtures formal states and fresh cargo test reviewed.
repo_audit_oxfunc,completed,Doctrine docs code outputs and fresh command outcomes reviewed; explorer corroboration incorporated.
repo_audit_oxvba,completed,Doctrine docs worklist blocker ledger evidence roots and fresh meta-check outcome reviewed.
repo_audit_oxreplay,completed,Doctrine docs retained test-runs and fresh meta-check outcome reviewed.
repo_audit_oxxlobs,completed,Doctrine docs retained live-capture states and fresh meta-check outcome reviewed.
repo_audit_oxide,completed,Scope docs code surface and fresh cargo test outcome reviewed.
reporting,completed,Wrote narrative report, compact matrix, and source inventory for the run.
