"suggestion_id","source_file","target_doc","target_section","action","rationale","change_ref","owner","status"
"VF2-001","..\\DnaVisiCalc\\docs\\SPEC_v0.md","README.md","top-level orientation","accept","Foundation orientation now explicitly points to the authoritative DnaVisiCalc v0 scope docs.","README.md:11","@govert/Codex","verified"
"VF2-002","..\\DnaVisiCalc\\docs\\SPEC_v0.md","CHARTER.md","3.1","adapt","Added stable authority statement without introducing time-variant progress/status detail into Charter doctrine.","CHARTER.md:50","@govert/Codex","verified"
"VF2-003","..\\DnaVisiCalc\\docs\\ENGINE_REQUIREMENTS.md","ARCHITECTURE_AND_REQUIREMENTS.md","3.6","adapt","Kept UDF architecture intent but removed pathfinder wording that implied internal thread scheduling beyond externally-driven v0 contract.","ARCHITECTURE_AND_REQUIREMENTS.md:136","@govert/Codex","verified"
"VF2-004","..\\DnaVisiCalc\\docs\\SPEC_v0.md","ARCHITECTURE_AND_REQUIREMENTS.md","6","accept","Pathfinder scope anchor now references authoritative upstream docs directly.","ARCHITECTURE_AND_REQUIREMENTS.md:488","@govert/Codex","verified"
"VF2-005","..\\DnaVisiCalc\\docs\\ENGINE_REQUIREMENTS.md","ARCHITECTURE_AND_REQUIREMENTS.md","6.1","adapt","Summarized stabilized v0 functional surface at architecture level without duplicating full upstream requirement text.","ARCHITECTURE_AND_REQUIREMENTS.md:496","@govert/Codex","verified"
"VF2-006","..\\DnaVisiCalc\\docs\\SPEC_v0.md;..\\DnaVisiCalc\\docs\\GAP_ANALYSIS.md","ARCHITECTURE_AND_REQUIREMENTS.md","6.2","accept","Non-goals now include multi-sheet and VBA runtime from SPEC plus key deferred compatibility areas from gap analysis.","ARCHITECTURE_AND_REQUIREMENTS.md:509","@govert/Codex","verified"
"VF2-007","..\\DnaVisiCalc\\docs\\FOUNDATION_PROPOSALS.md","ARCHITECTURE_AND_REQUIREMENTS.md","6.3","accept","Track status now states functional-scope stabilization explicitly while preserving Track B as exit blocker.","ARCHITECTURE_AND_REQUIREMENTS.md:521","@govert/Codex","verified"
"VF2-008","..\\DnaVisiCalc\\docs\\GAP_ANALYSIS.md","ARCHITECTURE_AND_REQUIREMENTS.md","6.4","accept","Deferred functional expansions are retained as explicit backlog to avoid knowledge loss when upstream gap doc is archived.","ARCHITECTURE_AND_REQUIREMENTS.md:532","@govert/Codex","verified"
"VF2-009","..\\DnaVisiCalc\\docs\\FOUNDATION_REQUIREMENTS_MAPPING.md","OPERATIONS.md","7.1","accept","Operational authority routing for Round 0 functional scope is now explicit and reproducible.","OPERATIONS.md:148","@govert/Codex","verified"
"VF2-010","..\\DnaVisiCalc\\docs\\FOUNDATION_PROPOSALS.md","OPERATIONS.md","8.8","accept","Added explicit legacy-guidance hand-off process so superseded docs can be archived without silent loss.","OPERATIONS.md:212","@govert/Codex","verified"
"VF2-011","..\\DnaVisiCalc\\docs\\ENGINE_REQUIREMENTS.md","notes/BRAINSTORM_NOTES.md","intro + section G/N","accept","Brainstorm notes now flag stabilized v0 authority and no longer imply binary volatility metadata for UDFs.","notes/BRAINSTORM_NOTES.md:5","@govert/Codex","verified"
"VF2-012","..\\DnaVisiCalc\\docs\\SPEC_v0.md","notes/RESEARCH_NOTES.md","1 and 7","accept","Research notes now reflect the follow-up synthesis pass and updated next-question framing.","notes/RESEARCH_NOTES.md:7","@govert/Codex","verified"
"VF2-013","..\\DnaVisiCalc\\docs\\GAP_ANALYSIS.md;..\\DnaVisiCalc\\docs\\FOUNDATION_REQUIREMENTS_MAPPING.md;..\\DnaVisiCalc\\docs\\FOUNDATION_PROPOSALS.md","notes/VISICALC_V0_SCOPE_ALIGNMENT_NOTES.md","full doc","accept","Created retained alignment note capturing promoted outcomes and deferred backlog for archive-safe hand-off.","notes/VISICALC_V0_SCOPE_ALIGNMENT_NOTES.md:1","@govert/Codex","verified"
"VF2-014","synthesis/runs/20260226-224457-visicalc-foundation-pass-01/outputs/synthesis_report.md","README.md","top-level orientation","accept","README now links to the retained v0 scope-alignment notes artifact for discoverability.","README.md:10","@govert/Codex","verified"
