"run_id","task_id","scenario_id","artifact_ref","calc_mode_manifest","set_calc_mode_op_count","has_set_calc_mode_op","first_set_calc_mode_started_utc","last_set_calc_mode_finished_utc","run_exit_status"
"run-20260228-181842-f29f0791a","ECS-EB-010","SCN-EB010-INDEX-REOPEN","outputs\pilot_wave1\evidence\SCN-EB010-INDEX-REOPEN\run_manifest.json","automatic","1","true","2026-02-28T18:18:44.3327641Z","2026-02-28T18:18:44.6539366Z","success"
"run-20260228-181833-b0c5345fe","ECS-EB-010","SCN-EB010-NOW-UNRELATED-EDIT","outputs\pilot_wave1\evidence\SCN-EB010-NOW-UNRELATED-EDIT\run_manifest.json","automatic","1","true","2026-02-28T18:18:36.5599233Z","2026-02-28T18:18:36.8446524Z","success"
"run-20260228-181840-2fee8d383","ECS-EB-010","SCN-EB010-RAND-FULLRECALC","outputs\pilot_wave1\evidence\SCN-EB010-RAND-FULLRECALC\run_manifest.json","automatic","1","true","2026-02-28T18:18:41.9978585Z","2026-02-28T18:18:42.3790489Z","success"
"run-20260228-181837-9504d2b9b","ECS-EB-010","SCN-EB010-SUM-UNRELATED-EDIT","outputs\pilot_wave1\evidence\SCN-EB010-SUM-UNRELATED-EDIT\run_manifest.json","automatic","1","true","2026-02-28T18:18:39.7536912Z","2026-02-28T18:18:39.9870071Z","success"
"run-20260228-181852-d6614d307","ECS-EB-011","SCN-EB011-INDIRECT-EDIT","outputs\pilot_wave1\evidence\SCN-EB011-INDIRECT-EDIT\run_manifest.json","automatic","1","true","2026-02-28T18:18:55.0757434Z","2026-02-28T18:18:55.4757867Z","success"
"run-20260228-181844-c4488d94b","ECS-EB-011","SCN-EB011-NOW-RECALC","outputs\pilot_wave1\evidence\SCN-EB011-NOW-RECALC\run_manifest.json","automatic","1","true","2026-02-28T18:18:47.1503864Z","2026-02-28T18:18:47.6206929Z","success"
"run-20260228-181850-6ded52629","ECS-EB-011","SCN-EB011-OFFSET-EDIT","outputs\pilot_wave1\evidence\SCN-EB011-OFFSET-EDIT\run_manifest.json","automatic","1","true","2026-02-28T18:18:52.1068070Z","2026-02-28T18:18:52.4255092Z","success"
"run-20260228-181847-37aef368d","ECS-EB-011","SCN-EB011-SUM-RECALC","outputs\pilot_wave1\evidence\SCN-EB011-SUM-RECALC\run_manifest.json","automatic","1","true","2026-02-28T18:18:49.8565811Z","2026-02-28T18:18:50.1850509Z","success"
"run-20260228-182809-15d207a88","ECS-EB-012","SCN-EB012-CELL-ADDRESS-EDIT","outputs\volatility_wave2\evidence\SCN-EB012-CELL-ADDRESS-EDIT\run_manifest.json","automatic","1","true","2026-02-28T18:28:13.0121175Z","2026-02-28T18:28:13.2382642Z","success"
"run-20260228-182813-0fa1ef398","ECS-EB-012","SCN-EB012-CELL-FILENAME-REOPEN","outputs\volatility_wave2\evidence\SCN-EB012-CELL-FILENAME-REOPEN\run_manifest.json","automatic","1","true","2026-02-28T18:28:16.0954941Z","2026-02-28T18:28:16.5203495Z","success"
"run-20260228-182917-32440953c","ECS-EB-012","SCN-EB012-INFO-DIRECTORY-EDIT","outputs\volatility_wave2\evidence\SCN-EB012-INFO-DIRECTORY-EDIT\run_manifest.json","automatic","1","true","2026-02-28T18:29:19.2342950Z","2026-02-28T18:29:19.6097622Z","success"
"run-20260228-182919-ec7432413","ECS-EB-012","SCN-EB012-INFO-RECALC-MODE-TOGGLE","outputs\volatility_wave2\evidence\SCN-EB012-INFO-RECALC-MODE-TOGGLE\run_manifest.json","automatic","3","true","2026-02-28T18:29:21.7249210Z","2026-02-28T18:29:22.1270834Z","success"
"run-20260228-182922-7139603dd","ECS-EB-012","SCN-EB012-RAND-RECALC-CONTROL","outputs\volatility_wave2\evidence\SCN-EB012-RAND-RECALC-CONTROL\run_manifest.json","automatic","1","true","2026-02-28T18:29:24.3018747Z","2026-02-28T18:29:24.5554836Z","success"
"run-20260228-182924-0484b54bd","ECS-EB-012","SCN-EB012-SUM-RECALC-CONTROL","outputs\volatility_wave2\evidence\SCN-EB012-SUM-RECALC-CONTROL\run_manifest.json","automatic","1","true","2026-02-28T18:29:26.6650730Z","2026-02-28T18:29:27.0043942Z","success"
"run-20260228-181858-b3dee50ef","ECS-EB-014","SCN-EB014-INDIRECT-DELETE-ROW","outputs\pilot_wave1\evidence\SCN-EB014-INDIRECT-DELETE-ROW\run_manifest.json","automatic","1","true","2026-02-28T18:19:00.3439084Z","2026-02-28T18:19:00.6648105Z","success"
"run-20260228-181855-feac5d8bc","ECS-EB-014","SCN-EB014-INDIRECT-INSERT-ROW","outputs\pilot_wave1\evidence\SCN-EB014-INDIRECT-INSERT-ROW\run_manifest.json","automatic","1","true","2026-02-28T18:18:57.9419771Z","2026-02-28T18:18:58.2744650Z","success"
"run-20260228-181905-a68714a68","ECS-EB-014","SCN-EB014-OFFSET-DELETE-COL","outputs\pilot_wave1\evidence\SCN-EB014-OFFSET-DELETE-COL\run_manifest.json","automatic","1","true","2026-02-28T18:19:07.4429223Z","2026-02-28T18:19:07.8148383Z","success"
"run-20260228-181903-3addc84d3","ECS-EB-014","SCN-EB014-OFFSET-INSERT-COL","outputs\pilot_wave1\evidence\SCN-EB014-OFFSET-INSERT-COL\run_manifest.json","automatic","1","true","2026-02-28T18:19:05.0039521Z","2026-02-28T18:19:05.3281535Z","success"
"run-20260228-190530-94f8502ac","ECS-EB-015","SCN-EB015-RTD-MISSING-PROGID","outputs\rtd_wave1\evidence\SCN-EB015-RTD-MISSING-PROGID\run_manifest.json","automatic","1","true","2026-02-28T19:05:32.3693568Z","2026-02-28T19:05:32.7703820Z","success"
"run-20260228-190522-9b120d294","ECS-EB-015","SCN-EB015-RTD-PULSE-CLOSE-OPEN","outputs\rtd_wave1\evidence\SCN-EB015-RTD-PULSE-CLOSE-OPEN\run_manifest.json","automatic","1","true","2026-02-28T19:05:24.5201119Z","2026-02-28T19:05:24.9990744Z","success"
"run-20260228-190502-f668e412e","ECS-EB-015","SCN-EB015-RTD-TICKS-BASELINE","outputs\rtd_wave1\evidence\SCN-EB015-RTD-TICKS-BASELINE\run_manifest.json","automatic","1","true","2026-02-28T19:05:06.3457070Z","2026-02-28T19:05:06.6927967Z","success"
"run-20260228-190514-1dd3bc9d8","ECS-EB-015","SCN-EB015-RTD-TICKS-CLOSE-OPEN","outputs\rtd_wave1\evidence\SCN-EB015-RTD-TICKS-CLOSE-OPEN\run_manifest.json","automatic","1","true","2026-02-28T19:05:16.9992789Z","2026-02-28T19:05:17.3582931Z","success"
"run-20260228-190509-304cd2bc4","ECS-EB-015","SCN-EB015-RTD-TICKS-MANUAL","outputs\rtd_wave1\evidence\SCN-EB015-RTD-TICKS-MANUAL\run_manifest.json","automatic","2","true","2026-02-28T19:05:12.0334886Z","2026-02-28T19:05:14.7167035Z","success"
"run-20260228-191746-4fdd3d87b","ECS-EB-016","SCN-EB016-CROSSWB-COPY-NOW-FORMULA","outputs\date_system_wave1\evidence\SCN-EB016-CROSSWB-COPY-NOW-FORMULA\run_manifest.json","automatic","1","true","2026-02-28T19:17:48.3122709Z","2026-02-28T19:17:48.4528706Z","success"
"run-20260228-191750-7c363c215","ECS-EB-016","SCN-EB016-CROSSWB-COPY-SERIAL-VALUE","outputs\date_system_wave1\evidence\SCN-EB016-CROSSWB-COPY-SERIAL-VALUE\run_manifest.json","automatic","1","true","2026-02-28T19:17:52.1727342Z","2026-02-28T19:17:52.3480420Z","success"
"run-20260228-191748-e509fa813","ECS-EB-016","SCN-EB016-CROSSWB-COPY-TODAY-FORMULA","outputs\date_system_wave1\evidence\SCN-EB016-CROSSWB-COPY-TODAY-FORMULA\run_manifest.json","automatic","1","true","2026-02-28T19:17:50.1833798Z","2026-02-28T19:17:50.4407357Z","success"
"run-20260228-191741-7934a4a77","ECS-EB-016","SCN-EB016-NOW-TOGGLE-1900-1904","outputs\date_system_wave1\evidence\SCN-EB016-NOW-TOGGLE-1900-1904\run_manifest.json","automatic","1","true","2026-02-28T19:17:43.6833868Z","2026-02-28T19:17:43.8263575Z","success"
"run-20260228-191745-17bf68db1","ECS-EB-016","SCN-EB016-TODAY-TOGGLE-1900-1904","outputs\date_system_wave1\evidence\SCN-EB016-TODAY-TOGGLE-1900-1904\run_manifest.json","automatic","1","true","2026-02-28T19:17:46.5784904Z","2026-02-28T19:17:46.7209239Z","success"
"run-20260228-221342-a5850c13c","ECS-EB-018","SCN-EB018-DYNARRAY-MIXED","outputs\tier45_wave1\evidence\SCN-EB018-DYNARRAY-MIXED\run_manifest.json","automatic","1","true","2026-02-28T22:13:44.3339427Z","2026-02-28T22:13:44.5681754Z","success"
"run-20260228-221345-74610b1e8","ECS-EB-019","SCN-EB019-LAMBDA-HELPER-EDGE","outputs\tier45_wave1\evidence\SCN-EB019-LAMBDA-HELPER-EDGE\run_manifest.json","automatic","1","true","2026-02-28T22:13:46.5710653Z","2026-02-28T22:13:46.8157936Z","success"
"run-20260228-221347-d91be7a5c","ECS-EB-020","SCN-EB020-CUBE-CONTRACT","outputs\tier45_wave1\evidence\SCN-EB020-CUBE-CONTRACT\run_manifest.json","automatic","1","true","2026-02-28T22:13:48.7751566Z","2026-02-28T22:13:48.9508935Z","success"
"run-20260228-221351-f48766794","ECS-EB-021","SCN-EB021-EXTERNAL-REPLAY","outputs\tier45_wave1\evidence\SCN-EB021-EXTERNAL-REPLAY\run_manifest.json","automatic","1","true","2026-02-28T22:13:53.0599934Z","2026-02-28T22:13:53.2826420Z","success"
"run-20260228-181912-ef7402ec5","ECS-EB-023","SCN-EB023-DATEVALUE-LOCALE-TEXT","outputs\pilot_wave1\evidence\SCN-EB023-DATEVALUE-LOCALE-TEXT\run_manifest.json","automatic","1","true","2026-02-28T18:19:14.5752362Z","2026-02-28T18:19:14.8967152Z","success"
"run-20260228-181908-84dc286a4","ECS-EB-023","SCN-EB023-VALUE-LOCALE-COMMA","outputs\pilot_wave1\evidence\SCN-EB023-VALUE-LOCALE-COMMA\run_manifest.json","automatic","1","true","2026-02-28T18:19:09.9102639Z","2026-02-28T18:19:10.2213718Z","success"
"run-20260228-214240-8d336feac","ECS-EB-024","SCN-EB024-OP-CORE","outputs\coercion_wave1\evidence\SCN-EB024-OP-CORE\run_manifest.json","automatic","1","true","2026-02-28T21:42:42.6181022Z","2026-02-28T21:42:42.8187919Z","success"
"run-20260228-214245-7e19239d5","ECS-EB-025","SCN-EB025-AGG-COERCION","outputs\coercion_wave1\evidence\SCN-EB025-AGG-COERCION\run_manifest.json","automatic","1","true","2026-02-28T21:42:46.8875050Z","2026-02-28T21:42:47.0469247Z","success"
"run-20260228-214243-0f604e4c0","ECS-EB-025","SCN-EB025-FUNCTION-CORE","outputs\coercion_wave1\evidence\SCN-EB025-FUNCTION-CORE\run_manifest.json","automatic","1","true","2026-02-28T21:42:44.7928683Z","2026-02-28T21:42:44.9605403Z","success"
"run-20260228-214247-6fe4c4572","ECS-EB-026","SCN-EB026-NESTED-PRECEDENCE","outputs\coercion_wave1\evidence\SCN-EB026-NESTED-PRECEDENCE\run_manifest.json","automatic","1","true","2026-02-28T21:42:49.0797169Z","2026-02-28T21:42:49.2548793Z","success"
"run-20260228-212908-ec4135da5","ECS-EB-028","SCN-EB028-AT-HASH-ACCEPT","outputs\formula_parse_wave1\evidence\SCN-EB028-AT-HASH-ACCEPT\run_manifest.json","automatic","1","true","2026-02-28T21:29:10.9868572Z","2026-02-28T21:29:11.2400163Z","success"
"run-20260228-212900-211e7dfd2","ECS-EB-028","SCN-EB028-AT-OP-ACCEPT","outputs\formula_parse_wave1\evidence\SCN-EB028-AT-OP-ACCEPT\run_manifest.json","automatic","1","true","2026-02-28T21:29:02.8915319Z","2026-02-28T21:29:03.1759923Z","success"
"run-20260228-212924-cabcb4907","ECS-EB-028","SCN-EB028-FIELDVALUE-ACCEPT","outputs\formula_parse_wave1\evidence\SCN-EB028-FIELDVALUE-ACCEPT\run_manifest.json","automatic","1","true","2026-02-28T21:29:27.3871012Z","2026-02-28T21:29:27.6351677Z","success"
"run-20260228-212903-82755afb0","ECS-EB-028","SCN-EB028-HASH-OP-ACCEPT","outputs\formula_parse_wave1\evidence\SCN-EB028-HASH-OP-ACCEPT\run_manifest.json","automatic","1","true","2026-02-28T21:29:05.8329022Z","2026-02-28T21:29:06.1199100Z","success"
"run-20260228-212913-708f5a197","ECS-EB-028","SCN-EB028-HASH-PREFIX-REJECT","outputs\formula_parse_wave1\evidence\SCN-EB028-HASH-PREFIX-REJECT\run_manifest.json","automatic","1","true","2026-02-28T21:29:16.1875043Z","2026-02-28T21:29:16.5817120Z","success"
"run-20260228-212919-840e0ac93","ECS-EB-028","SCN-EB028-LAMBDA-INVOKE-ACCEPT","outputs\formula_parse_wave1\evidence\SCN-EB028-LAMBDA-INVOKE-ACCEPT\run_manifest.json","automatic","1","true","2026-02-28T21:29:21.7596572Z","2026-02-28T21:29:21.9860007Z","success"
"run-20260228-212922-87830b700","ECS-EB-028","SCN-EB028-LAMBDA-MISSINGPAREN-REJECT","outputs\formula_parse_wave1\evidence\SCN-EB028-LAMBDA-MISSINGPAREN-REJECT\run_manifest.json","automatic","1","true","2026-02-28T21:29:24.5462990Z","2026-02-28T21:29:24.7785625Z","success"
"run-20260228-212916-5319cbb2c","ECS-EB-028","SCN-EB028-LET-ACCEPT","outputs\formula_parse_wave1\evidence\SCN-EB028-LET-ACCEPT\run_manifest.json","automatic","1","true","2026-02-28T21:29:19.2153689Z","2026-02-28T21:29:19.3993964Z","success"
"run-20260228-212857-72e380cd1","ECS-EB-028","SCN-EB028-REF-DOUBLECOLON-REJECT","outputs\formula_parse_wave1\evidence\SCN-EB028-REF-DOUBLECOLON-REJECT\run_manifest.json","automatic","1","true","2026-02-28T21:28:59.8385646Z","2026-02-28T21:29:00.1228627Z","success"
"run-20260228-212854-dd3da9cda","ECS-EB-028","SCN-EB028-REF-INTERSECTION-ACCEPT","outputs\formula_parse_wave1\evidence\SCN-EB028-REF-INTERSECTION-ACCEPT\run_manifest.json","automatic","1","true","2026-02-28T21:28:57.2392941Z","2026-02-28T21:28:57.5339706Z","success"
"run-20260228-212845-e358bd697","ECS-EB-028","SCN-EB028-REF-RANGE-ACCEPT","outputs\formula_parse_wave1\evidence\SCN-EB028-REF-RANGE-ACCEPT\run_manifest.json","automatic","1","true","2026-02-28T21:28:50.5802242Z","2026-02-28T21:28:51.0960181Z","success"
"run-20260228-212851-2c1320689","ECS-EB-028","SCN-EB028-REF-UNION-ACCEPT","outputs\formula_parse_wave1\evidence\SCN-EB028-REF-UNION-ACCEPT\run_manifest.json","automatic","1","true","2026-02-28T21:28:54.3150905Z","2026-02-28T21:28:54.5589468Z","success"
"run-20260228-212937-ca2ba7b29","ECS-EB-028","SCN-EB028-TABLE-BRACKET-REJECT","outputs\formula_parse_wave1\evidence\SCN-EB028-TABLE-BRACKET-REJECT\run_manifest.json","automatic","1","true","2026-02-28T21:29:40.4220957Z","2026-02-28T21:29:40.7115512Z","success"
"run-20260228-212931-2a7fea020","ECS-EB-028","SCN-EB028-TABLE-COL-ACCEPT","outputs\formula_parse_wave1\evidence\SCN-EB028-TABLE-COL-ACCEPT\run_manifest.json","automatic","1","true","2026-02-28T21:29:33.7781257Z","2026-02-28T21:29:33.9620581Z","success"
"run-20260228-212934-6fcae472d","ECS-EB-028","SCN-EB028-TABLE-THISROW-ACCEPT","outputs\formula_parse_wave1\evidence\SCN-EB028-TABLE-THISROW-ACCEPT\run_manifest.json","automatic","1","true","2026-02-28T21:29:36.6699398Z","2026-02-28T21:29:36.9136772Z","success"
"run-20260228-212940-309a66f94","ECS-EB-029","SCN-EB029-NORM-CASE-WHITESPACE","outputs\formula_parse_wave1\evidence\SCN-EB029-NORM-CASE-WHITESPACE\run_manifest.json","automatic","1","true","2026-02-28T21:29:43.4957989Z","2026-02-28T21:29:43.7232929Z","success"
"run-20260228-212946-e8779c161","ECS-EB-029","SCN-EB029-NORM-TABLE-LOWERCASE","outputs\formula_parse_wave1\evidence\SCN-EB029-NORM-TABLE-LOWERCASE\run_manifest.json","automatic","1","true","2026-02-28T21:29:48.3391189Z","2026-02-28T21:29:48.5555378Z","success"
"run-20260228-212951-2b823c6ab","ECS-EB-030","SCN-EB030-AMBIG-DOUBLE-COMMA","outputs\formula_parse_wave1\evidence\SCN-EB030-AMBIG-DOUBLE-COMMA\run_manifest.json","automatic","1","true","2026-02-28T21:29:54.2411867Z","2026-02-28T21:29:54.5403738Z","success"
"run-20260228-212948-f08fbc29c","ECS-EB-030","SCN-EB030-AMBIG-INTERSECTION-SINGLE","outputs\formula_parse_wave1\evidence\SCN-EB030-AMBIG-INTERSECTION-SINGLE\run_manifest.json","automatic","1","true","2026-02-28T21:29:51.0016516Z","2026-02-28T21:29:51.3495282Z","success"
"run-20260228-212927-919ab7944","ECS-EB-030","SCN-EB030-DOTFIELD-PROBE","outputs\formula_parse_wave1\evidence\SCN-EB030-DOTFIELD-PROBE\run_manifest.json","automatic","1","true","2026-02-28T21:29:30.9902904Z","2026-02-28T21:29:31.2666020Z","success"
"run-20260228-215254-41181df5c","ECS-EB-031","SCN-EB031-CF-OVERLAP-STOP","outputs\cf_wave1\evidence\SCN-EB031-CF-OVERLAP-STOP\run_manifest.json","automatic","1","true","2026-02-28T21:52:56.8523447Z","2026-02-28T21:52:57.0320160Z","success"
"run-20260228-215257-bc8c2f58f","ECS-EB-032","SCN-EB032-CF-PRIORITY-TRANSITION","outputs\cf_wave1\evidence\SCN-EB032-CF-PRIORITY-TRANSITION\run_manifest.json","automatic","1","true","2026-02-28T21:52:59.1253303Z","2026-02-28T21:52:59.3293131Z","success"
"run-20260228-215301-df1538f75","ECS-EB-033","SCN-EB033-CF-TABLE-SPILL","outputs\cf_wave1\evidence\SCN-EB033-CF-TABLE-SPILL\run_manifest.json","automatic","1","true","2026-02-28T21:53:03.5674815Z","2026-02-28T21:53:03.8274733Z","success"
"run-20260228-220954-2f79910f9","ECS-EB-034","SCN-EB034-STRUCTREF-SPILL","outputs\table_wave1\evidence\SCN-EB034-STRUCTREF-SPILL\run_manifest.json","automatic","1","true","2026-02-28T22:09:57.2252852Z","2026-02-28T22:09:57.4065890Z","success"
"run-20260228-220958-094882f81","ECS-EB-035","SCN-EB035-GROW-SHRINK-COERCION-FORMAT","outputs\table_wave1\evidence\SCN-EB035-GROW-SHRINK-COERCION-FORMAT\run_manifest.json","automatic","1","true","2026-02-28T22:09:59.7885172Z","2026-02-28T22:09:59.9386362Z","success"
"run-20260228-221000-7a954033d","ECS-EB-036","SCN-EB036-AUTOEXPAND-AUTOFILL","outputs\table_wave1\evidence\SCN-EB036-AUTOEXPAND-AUTOFILL\run_manifest.json","automatic","1","true","2026-02-28T22:10:02.1645345Z","2026-02-28T22:10:02.3672486Z","success"
"run-20260228-211100-49952bd1c","ECS-EB-040","SCN-EB040-FORMAT-VISIBLE-MATRIX","outputs\reason_code_wave1\evidence\SCN-EB040-FORMAT-VISIBLE-MATRIX\run_manifest.json","automatic","1","true","2026-02-28T21:11:01.7819042Z","2026-02-28T21:11:02.0017660Z","success"
"run-20260228-211057-9ac40f88a","ECS-EB-040","SCN-EB040-GRID-REFERENCE-MATRIX","outputs\reason_code_wave1\evidence\SCN-EB040-GRID-REFERENCE-MATRIX\run_manifest.json","automatic","1","true","2026-02-28T21:10:59.4048570Z","2026-02-28T21:10:59.6484926Z","success"
"run-20260228-211041-066b362c4","ECS-EB-040","SCN-EB040-NOW-RECALC","outputs\reason_code_wave1\evidence\SCN-EB040-NOW-RECALC\run_manifest.json","automatic","1","true","2026-02-28T21:10:44.2368401Z","2026-02-28T21:10:44.4303500Z","success"
"run-20260228-211052-47ffc2214","ECS-EB-040","SCN-EB040-RANDBETWEEN-RECALC","outputs\reason_code_wave1\evidence\SCN-EB040-RANDBETWEEN-RECALC\run_manifest.json","automatic","1","true","2026-02-28T21:10:54.3804989Z","2026-02-28T21:10:54.5848866Z","success"
"run-20260228-211048-94919dc05","ECS-EB-040","SCN-EB040-RAND-RECALC","outputs\reason_code_wave1\evidence\SCN-EB040-RAND-RECALC\run_manifest.json","automatic","1","true","2026-02-28T21:10:49.8253370Z","2026-02-28T21:10:50.0278279Z","success"
"run-20260228-211109-f404e8ae5","ECS-EB-040","SCN-EB040-SUMIF-UNRELATED-EDIT","outputs\reason_code_wave1\evidence\SCN-EB040-SUMIF-UNRELATED-EDIT\run_manifest.json","automatic","1","true","2026-02-28T21:11:11.5742635Z","2026-02-28T21:11:11.9419237Z","success"
"run-20260228-211045-bae0b782d","ECS-EB-040","SCN-EB040-TODAY-DATE-SYSTEM","outputs\reason_code_wave1\evidence\SCN-EB040-TODAY-DATE-SYSTEM\run_manifest.json","automatic","1","true","2026-02-28T21:10:47.6751360Z","2026-02-28T21:10:47.8706374Z","success"
"run-20260228-211104-4d376ff5d","ECS-EB-040","SCN-EB040-TYPE-COERCION-MATRIX","outputs\reason_code_wave1\evidence\SCN-EB040-TYPE-COERCION-MATRIX\run_manifest.json","automatic","1","true","2026-02-28T21:11:06.5319916Z","2026-02-28T21:11:06.7856251Z","success"
"run-20260228-221649-35f56d3da","ECS-EB-044","SCN-EB044-REOPEN-COERCION","outputs\reopen_wave1\evidence\SCN-EB044-REOPEN-COERCION\run_manifest.json","automatic","1","true","2026-02-28T22:16:55.8712466Z","2026-02-28T22:16:56.8867601Z","success"
"run-20260228-221658-c6fdba282","ECS-EB-044","SCN-EB044-REOPEN-DYNARRAY","outputs\reopen_wave1\evidence\SCN-EB044-REOPEN-DYNARRAY\run_manifest.json","automatic","1","true","2026-02-28T22:17:00.4458002Z","2026-02-28T22:17:00.6034288Z","success"
