"case_id","scenario_id","task_id","function_name","target","expected_kind","expected_value","run_exit_status","final_value","final_formula","final_display_text","unique_observed_value_count","observed_value_sequence","step_count","result_status","match_basis","confidence_input","evidence_bundle_ref","notes"
"T45W1-030","SCN-EB021-EXTERNAL-REPLAY","ECS-EB-021","ENCODEURL","Sheet1!A2","value","a%20b","success","a%20b","=ENCODEURL(""a b"")","a%20b","1","a%20b -> a%20b -> a%20b -> a%20b -> a%20b -> a%20b","10","matches_expected","value_match","high","evidence\SCN-EB021-EXTERNAL-REPLAY","ENCODEURL deterministic literal baseline."
"T45W1-031","SCN-EB021-EXTERNAL-REPLAY","ECS-EB-021","ENCODEURL","Sheet1!A2","stable_replay","1","success","a%20b","=ENCODEURL(""a b"")","a%20b","1","a%20b -> a%20b -> a%20b -> a%20b -> a%20b -> a%20b","10","matches_expected","stable_replay_signal","high","evidence\SCN-EB021-EXTERNAL-REPLAY","ENCODEURL value should remain stable across save/close/reopen/recalc."
"T45W1-032","SCN-EB021-EXTERNAL-REPLAY","ECS-EB-021","WEBSERVICE","Sheet1!A1","probe","","success","<!doctype html><html lang=""en""><head><title>Example Domain</title><meta name=""viewport"" content=""width=device-width, initial-scale=1""><style>body{background:#eee;width:60vw;margin:15vh auto;font-family:system-ui,sans-serif}h1{font-size:1.5em}div{opacity:0.8}a:link,a:visited{color:#348}</style></head><body><div><h1>Example Domain</h1><p>This domain is for use in documentation examples without needing permission. Avoid use in operations.</p><p><a href=""https://iana.org/domains/example"">Learn more</a></p></div></body></html>
","=WEBSERVICE(""https://example.com"")","<!doctype html><html lang=""en""><head><title>Example Domain</title><meta name=""viewport"" content=""width=device-width, initial-scale=1""><style>body{background:#eee;width:60vw;margin:15vh auto;font-family:system-ui,sans-serif}h1{font-size:1.5em}div{opacity:0.8}a:link,a:visited{color:#348}</style></head><body><div><h1>Example Domain</h1><p>This domain is for use in documentation examples without needing permission. Avoid use in operations.</p><p><a href=""https://iana.org/domains/example"">Learn more</a></p></div></body></html>
","1","<!doctype html><html lang=""en""><head><title>Example Domain</title><meta name=""viewport"" content=""width=device-width, initial-scale=1""><style>body{background:#eee;width:60vw;margin:15vh auto;font-family:system-ui,sans-serif}h1{font-size:1.5em}div{opacity:0.8}a:link,a:visited{color:#348}</style></head><body><div><h1>Example Domain</h1><p>This domain is for use in documentation examples without needing permission. Avoid use in operations.</p><p><a href=""https://iana.org/domains/example"">Learn more</a></p></div></body></html>
 -> <!doctype html><html lang=""en""><head><title>Example Domain</title><meta name=""viewport"" content=""width=device-width, initial-scale=1""><style>body{background:#eee;width:60vw;margin:15vh auto;font-family:system-ui,sans-serif}h1{font-size:1.5em}div{opacity:0.8}a:link,a:visited{color:#348}</style></head><body><div><h1>Example Domain</h1><p>This domain is for use in documentation examples without needing permission. Avoid use in operations.</p><p><a href=""https://iana.org/domains/example"">Learn more</a></p></div></body></html>
 -> <!doctype html><html lang=""en""><head><title>Example Domain</title><meta name=""viewport"" content=""width=device-width, initial-scale=1""><style>body{background:#eee;width:60vw;margin:15vh auto;font-family:system-ui,sans-serif}h1{font-size:1.5em}div{opacity:0.8}a:link,a:visited{color:#348}</style></head><body><div><h1>Example Domain</h1><p>This domain is for use in documentation examples without needing permission. Avoid use in operations.</p><p><a href=""https://iana.org/domains/example"">Learn more</a></p></div></body></html>
 -> <!doctype html><html lang=""en""><head><title>Example Domain</title><meta name=""viewport"" content=""width=device-width, initial-scale=1""><style>body{background:#eee;width:60vw;margin:15vh auto;font-family:system-ui,sans-serif}h1{font-size:1.5em}div{opacity:0.8}a:link,a:visited{color:#348}</style></head><body><div><h1>Example Domain</h1><p>This domain is for use in documentation examples without needing permission. Avoid use in operations.</p><p><a href=""https://iana.org/domains/example"">Learn more</a></p></div></body></html>
 -> <!doctype html><html lang=""en""><head><title>Example Domain</title><meta name=""viewport"" content=""width=device-width, initial-scale=1""><style>body{background:#eee;width:60vw;margin:15vh auto;font-family:system-ui,sans-serif}h1{font-size:1.5em}div{opacity:0.8}a:link,a:visited{color:#348}</style></head><body><div><h1>Example Domain</h1><p>This domain is for use in documentation examples without needing permission. Avoid use in operations.</p><p><a href=""https://iana.org/domains/example"">Learn more</a></p></div></body></html>
 -> <!doctype html><html lang=""en""><head><title>Example Domain</title><meta name=""viewport"" content=""width=device-width, initial-scale=1""><style>body{background:#eee;width:60vw;margin:15vh auto;font-family:system-ui,sans-serif}h1{font-size:1.5em}div{opacity:0.8}a:link,a:visited{color:#348}</style></head><body><div><h1>Example Domain</h1><p>This domain is for use in documentation examples without needing permission. Avoid use in operations.</p><p><a href=""https://iana.org/domains/example"">Learn more</a></p></div></body></html>
 -> <!doctype html><html lang=""en""><head><title>Example Domain</title><meta name=""viewport"" content=""width=device-width, initial-scale=1""><style>body{background:#eee;width:60vw;margin:15vh auto;font-family:system-ui,sans-serif}h1{font-size:1.5em}div{opacity:0.8}a:link,a:visited{color:#348}</style></head><body><div><h1>Example Domain</h1><p>This domain is for use in documentation examples without needing permission. Avoid use in operations.</p><p><a href=""https://iana.org/domains/example"">Learn more</a></p></div></body></html>
","10","probe","probe_expected","low","evidence\SCN-EB021-EXTERNAL-REPLAY","WEBSERVICE external dependency probe across replay cycle."
"T45W1-033","SCN-EB021-EXTERNAL-REPLAY","ECS-EB-021","FILTERXML","Sheet1!A3","stable_replay","1","success","1","=FILTERXML(""<root><v>1</v></root>"",""//v"")","1","1","1 -> 1 -> 1 -> 1 -> 1","10","matches_expected","stable_replay_signal","medium","evidence\SCN-EB021-EXTERNAL-REPLAY","FILTERXML should stay stable under replay cycle when formula is accepted."
